queue_position,patients_ahead,doctor_experience,avg_consultation_time,day_of_week,hour,waiting_time
1,0,8,10,1,9,5
2,1,8,10,1,9,15
3,2,8,10,1,9,25
4,3,8,10,1,9,35
5,4,8,10,1,9,45
1,0,5,15,2,10,8
2,1,5,15,2,10,23
3,2,5,15,2,10,38
4,3,5,15,2,10,53
5,4,5,15,2,10,68
1,0,10,8,3,11,5
2,1,10,8,3,11,13
3,2,10,8,3,11,21
4,3,10,8,3,11,29
5,4,10,8,3,11,37
1,0,7,12,4,12,7
2,1,7,12,4,12,19
3,2,7,12,4,12,31
4,3,7,12,4,12,43
5,4,7,12,4,12,55
1,0,12,7,5,14,4
2,1,12,7,5,14,11
3,2,12,7,5,14,18
4,3,12,7,5,14,25
5,4,12,7,5,14,32
1,0,6,14,6,15,8
2,1,6,14,6,15,22
3,2,6,14,6,15,36
4,3,6,14,6,15,50
5,4,6,14,6,15,64